City_ID,City,Lat,Lng,Max Temp,Humidity,Cloudiness,Wind Speed,Country,Date
0,albany,42.6001,-73.9662,25.4,53,32,0.89,US,1696279470
1,valparaiso,-33.0393,-71.6273,17.8,65,40,5.66,CL,1696279499
2,avarua,-21.2078,-159.775,22.03,73,75,4.12,CK,1696279442
3,edinburgh of the seven seas,-37.0676,-12.3116,9.82,55,38,9.67,SH,1696279482
4,sheridan,44.8333,-106.9173,18.51,71,40,1.54,US,1696279500
5,grytviken,-54.2811,-36.5092,2.44,97,100,5.16,GS,1696279500
6,vorgashor,67.5833,63.95,2.97,77,100,9.64,RU,1696279500
7,hawaiian paradise park,19.5933,-154.9731,27.72,80,20,0.89,US,1696279500
8,kilindoni,-7.9139,39.6668,25.12,80,41,6.33,TZ,1696279500
9,kingston,17.997,-76.7936,33.53,74,40,4.12,JM,1696278906
10,puerto aysen,-45.4,-72.7,8.56,90,100,1.39,CL,1696279501
11,port-aux-francais,-49.35,70.2167,1.99,70,85,15.24,TF,1696279476
12,sumter,28.7086,-82.0831,30.45,58,34,6.61,US,1696279501
13,christchurch,-43.5333,172.6333,7.73,82,75,5.14,NZ,1696279272
14,ad dawadimi,24.5077,44.3924,27.64,16,2,5.39,SA,1696279501
15,puerto baquerizo moreno,-0.9,-89.6,27.55,69,40,5.14,EC,1696279345
16,brandon,27.9378,-82.2859,31.95,66,100,5.14,US,1696279486
17,whitehorse,60.7161,-135.0538,9.5,73,75,7.2,CA,1696279502
18,thinadhoo,0.5333,72.9333,27.83,76,55,5.29,MV,1696279502
19,taltal,-25.4,-70.4833,16.9,75,25,3.15,CL,1696279502
20,zaozersk,69.4005,32.4476,1.82,76,100,2.63,RU,1696279502
21,waitangi,-43.9535,-176.5597,11.57,88,95,0.89,NZ,1696279474
22,thompson,55.7435,-97.8558,7.09,81,100,3.09,CA,1696279341
23,nova sintra,14.8667,-24.7167,23.78,81,84,4.58,CV,1696279503
24,bilibino,68.0546,166.4372,-8.36,96,100,0.68,RU,1696279503
25,bethel,41.3712,-73.414,25.05,60,0,4.63,US,1696279371
26,lompoc,34.6391,-120.4579,26.68,73,20,7.15,US,1696279503
27,la'ie,21.6477,-157.9253,29.5,70,4,2.68,US,1696279503
28,mejit,10.2753,170.8646,28.63,78,10,7.05,MH,1696279504
29,bredasdorp,-34.5322,20.0403,13.51,72,0,1.48,ZA,1696279504
30,iqaluit,63.7506,-68.5145,4.85,75,100,7.2,CA,1696279504
31,glace bay,46.1969,-59.957,16.61,72,40,4.12,CA,1696279504
32,olonkinbyen,70.9221,-8.7187,2.5,97,100,7.63,SJ,1696279504
33,lihue,21.9789,-159.3672,27.58,73,40,4.63,US,1696279477
34,egilsstadir,65.2653,-14.3948,5.95,93,100,8.23,IS,1696279505
35,tiksi,71.6872,128.8694,-2.49,79,100,6.42,RU,1696279505
36,kapa'a,22.0752,-159.319,27.99,78,40,4.63,US,1696279493
37,anadyr,64.75,177.4833,-1.72,93,0,4.0,RU,1696279505
38,oranjemund,-28.55,16.4333,16.12,79,0,1.78,NA,1696279506
39,hilo,19.7297,-155.09,28.12,76,20,2.24,US,1696279501
40,codrington,-38.2667,141.9667,13.52,90,88,5.52,AU,1696279506
41,huitan,15.1,-91.6167,22.43,68,61,1.14,GT,1696279506
42,nouna,12.7333,-3.8667,27.94,63,100,3.64,BF,1696279506
43,juliaca,-15.5,-70.1333,20.99,19,0,7.3,PE,1696279506
44,portland,45.5234,-122.6762,15.41,84,100,3.58,US,1696279094
45,margaret river,-33.95,115.0667,12.63,67,89,6.83,AU,1696279507
46,uturoa,-16.7333,-151.4333,25.71,83,1,6.91,PF,1696279478
47,dumai,1.6833,101.45,23.58,97,96,1.12,ID,1696279507
48,mount gambier,-37.8333,140.7667,12.09,82,77,3.73,AU,1696279507
49,gamba,-2.65,10.0,25.01,87,88,3.39,GA,1696279508
50,kuta,-8.7233,115.1723,23.97,100,40,1.03,ID,1696279508
51,puerto natales,-51.7236,-72.4875,11.25,50,75,4.63,CL,1696279476
52,qaqortoq,60.7167,-46.0333,5.54,54,100,1.62,GL,1696279508
53,revda,56.801,59.9303,10.67,82,100,3.87,RU,1696279508
54,ushuaia,-54.8,-68.3,5.81,65,75,2.57,AR,1696279006
55,nieuw amsterdam,5.8833,-55.0833,36.19,63,40,1.03,SR,1696279509
56,chui,-33.6971,-53.4616,14.21,80,1,2.82,UY,1696279217
57,adamstown,-25.066,-130.1015,20.16,72,69,10.61,PN,1696279509
58,jamestown,42.097,-79.2353,27.23,56,20,1.54,US,1696279287
59,keetmanshoop,-26.5833,18.1333,26.51,13,0,2.06,NA,1696279509
60,queenstown,-31.8976,26.8753,19.2,30,0,2.67,ZA,1696279509
61,belen,36.4891,36.2233,18.08,68,40,3.6,TR,1696279510
62,udachny,66.4167,112.4,-7.27,95,14,2.47,RU,1696279510
63,ribeira grande,38.5167,-28.7,20.22,68,20,4.63,PT,1696279479
64,vilyuchinsk,52.9306,158.4028,8.85,95,100,4.19,RU,1696279510
65,san antonio de pale,-1.4014,5.6325,25.39,86,100,6.32,GQ,1696279511
66,berdyansk,46.7503,36.7944,16.05,59,1,6.57,UA,1696279511
67,aykhal,66.0,111.5,-7.74,91,99,3.13,RU,1696279511
68,skovorodino,53.9833,123.9167,5.87,77,100,2.94,RU,1696279511
69,badger,64.8,-147.5333,2.42,90,100,2.57,US,1696279511
70,patacamaya,-17.2333,-67.9167,17.99,38,74,7.14,BO,1696279512
71,fale old settlement,-9.3852,-171.2468,28.15,75,37,4.27,TK,1696279480
72,xilin hot,43.9667,116.0333,10.55,56,27,4.66,CN,1696279512
73,bamboo flat,11.7,92.7167,26.05,94,75,0.51,IN,1696279512
74,tirmiz,37.2242,67.2783,15.05,47,0,3.09,UZ,1696279512
75,utrik,11.2278,169.8474,28.81,78,23,7.25,MH,1696279512
76,labrador city,52.9463,-66.9114,8.95,49,100,6.17,CA,1696279513
77,grottammare,42.9888,13.8649,22.9,66,7,1.84,IT,1696279513
78,rongelap,11.1635,166.8941,29.04,76,100,6.15,MH,1696279513
79,thames,-37.1333,175.5333,12.07,60,81,4.6,NZ,1696279513
80,tambacounda,13.7539,-13.7586,33.03,70,40,3.09,SN,1696279513
81,stanley,54.868,-1.6985,10.44,93,100,1.85,GB,1696279514
82,ilulissat,69.2167,-51.1,0.01,43,0,2.57,GL,1696279514
83,beloyarskiy,63.7119,66.6722,9.44,88,34,4.02,RU,1696279514
84,aasiaat,68.7098,-52.8699,-6.11,70,1,3.79,GL,1696279514
85,touros,-5.1989,-35.4608,25.29,80,100,6.18,BR,1696279514
86,bel ombre,-4.6167,55.4167,27.91,78,40,6.17,SC,1696279515
87,isafjordur,66.0755,-23.124,1.46,92,100,7.24,IS,1696279515
88,punta arenas,-53.15,-70.9167,9.06,61,100,4.63,CL,1696279327
89,nadi,-17.8,177.4167,24.0,64,40,5.66,FJ,1696279225
90,puerto ayora,-0.7393,-90.3518,28.98,92,94,3.58,EC,1696279515
91,papatowai,-46.5619,169.4708,7.86,54,12,2.2,NZ,1696279516
92,blackmans bay,-43.0167,147.3167,13.07,67,100,5.77,AU,1696279475
93,hithadhoo,-0.6,73.0833,27.74,74,30,5.23,MV,1696279500
94,ola,59.5833,151.2833,6.34,77,62,4.11,RU,1696279516
95,helston,50.1032,-5.2705,14.11,94,40,3.6,GB,1696279217
96,rio grande,-32.035,-52.0986,21.06,78,0,3.75,BR,1696279516
97,alo,7.4178,6.7371,25.0,92,76,1.12,NG,1696279517
98,yellowknife,62.456,-114.3525,10.79,92,75,1.54,CA,1696279517
99,praia da vitoria,38.7333,-27.0667,20.14,73,20,5.02,PT,1696279481
100,maragogi,-9.0122,-35.2225,23.87,78,5,3.8,BR,1696279517
101,floro,61.5996,5.0328,12.98,82,75,9.77,NO,1696279517
102,guerrero negro,27.9769,-114.0611,21.91,51,0,7.76,MX,1696279517
103,klyuchi,52.2667,79.1667,4.65,56,3,3.27,RU,1696279517
104,vytegra,61.0064,36.4481,11.31,90,100,8.05,RU,1696279518
105,hammerfest,70.6634,23.6821,2.25,75,75,1.54,NO,1696279518
106,oropesa del mar,40.1,0.15,24.28,75,16,1.75,ES,1696279518
107,creston,41.0586,-94.3614,31.51,37,40,7.2,US,1696279518
108,wailua homesteads,22.0669,-159.378,27.24,78,40,4.63,US,1696279518
109,sinabang,2.4803,96.3801,26.37,79,99,4.89,ID,1696279483
110,suva,-18.1416,178.4415,23.71,69,75,5.14,FJ,1696279519
111,yaounde,3.8667,11.5167,20.59,99,93,1.89,CM,1696279519
112,port elizabeth,-33.918,25.5701,18.51,75,0,2.06,ZA,1696279297
113,vila franca do campo,37.7167,-25.4333,20.23,99,83,4.4,PT,1696279519
114,salinopolis,-0.6136,-47.3561,27.52,80,30,6.28,BR,1696279519
115,east london,-33.0153,27.9116,18.59,75,0,6.91,ZA,1696279519
116,pisco,-13.7,-76.2167,23.03,68,0,4.12,PE,1696279520
117,madaoua,14.073,5.96,28.73,55,91,5.55,NE,1696279520
118,bahia blanca,-38.7196,-62.2724,23.23,27,66,3.58,AR,1696279520
119,kharp,66.8014,65.8081,4.19,90,100,5.39,RU,1696279520
120,lensk,60.7253,114.9278,-0.16,81,96,1.79,RU,1696279520
121,ta`u,-14.2336,-169.5144,26.6,82,98,10.68,AS,1696279486
122,tougue,11.4667,-11.6,21.24,89,94,0.45,GN,1696279521
123,kirakira,-10.4544,161.9205,27.4,86,93,5.31,SB,1696279521
124,qarqaraly,49.4058,75.4742,6.21,80,67,4.97,KZ,1696279521
125,paoua,7.2427,16.4406,22.13,92,99,0.81,CF,1696279521
126,talnakh,69.4865,88.3972,-1.55,95,100,7.82,RU,1696279522
127,saguenay,48.4168,-71.0657,22.46,58,75,4.63,CA,1696279255
128,oregon,44.0001,-120.5014,14.23,49,94,6.45,US,1696279522
129,tolanaro,-25.0319,46.9987,19.04,82,75,5.14,MG,1696279522
130,lebu,-37.6167,-73.65,10.27,81,99,4.72,CL,1696279522
131,coaticook,45.1334,-71.7991,21.87,61,56,0.6,CA,1696279522
132,saipan,15.1355,145.701,28.39,83,40,4.63,MP,1696279510
133,susuman,62.7833,148.1667,-1.68,82,8,1.34,RU,1696279488
134,cockburn town,21.4612,-71.1419,28.63,76,57,5.18,TC,1696279523
135,west island,-12.1568,96.8225,24.99,73,40,8.75,CC,1696279523
136,kumertau,52.7667,55.7833,13.53,53,100,2.68,RU,1696279523
137,nemuro,43.3236,145.575,13.34,72,24,10.14,JP,1696279523
138,selkirk,50.1436,-96.8845,18.98,90,100,2.68,CA,1696279523
139,vila velha,-20.3297,-40.2925,24.41,87,75,3.09,BR,1696279371
140,san julian,21.0167,-102.1667,27.13,25,94,1.28,MX,1696279524
141,puerto real,36.5282,-6.1901,27.56,51,96,6.26,ES,1696279524
142,novaya igirma,57.1334,103.9112,-2.04,97,90,2.4,RU,1696279524
143,mwingi,-0.9344,38.0601,20.61,59,14,3.92,KE,1696279524
144,eket,4.6412,7.9209,25.7,89,87,1.97,NG,1696279524
145,francistown,-21.17,27.5079,16.0,63,0,7.98,BW,1696279297
146,walvis bay,-22.9575,14.5053,14.53,88,0,3.6,NA,1696279525
147,beira,-19.8436,34.8389,22.05,78,40,5.81,MZ,1696279525
148,carnarvon,-24.8667,113.6333,15.7,64,0,11.11,AU,1696279525
149,monte carmelo,-18.7247,-47.4986,22.99,70,66,0.56,BR,1696279525
150,kodiak,57.79,-152.4072,8.73,49,0,7.2,US,1696279525
151,chonchi,-42.6128,-73.8092,11.18,83,100,0.57,CL,1696279526
152,newman,37.3138,-121.0208,25.69,37,6,3.58,US,1696279513
153,mugia,43.1041,-9.2179,19.95,93,100,4.12,ES,1696279526
154,afaahiti,-17.75,-149.2833,26.93,87,71,6.99,PF,1696279526
155,hamilton,39.1834,-84.5333,31.25,45,0,2.06,US,1696279417
156,ust-nera,64.5667,143.2,-1.55,81,32,0.89,RU,1696279526
157,margate,51.3813,1.3862,19.06,94,100,0.89,GB,1696279482
158,chibougamau,49.9168,-74.3659,16.79,77,75,8.75,CA,1696279399
159,northam,51.0333,-4.2167,13.67,97,100,5.94,GB,1696279527
160,khandyga,62.6667,135.6,5.36,88,100,1.19,RU,1696279527
161,kavaratti,10.5669,72.642,27.77,77,100,3.84,IN,1696279527
162,tocopilla,-22.092,-70.1979,19.51,74,27,5.16,CL,1696279527
163,alice springs,-23.7,133.8833,28.75,20,52,7.72,AU,1696279527
164,buka,40.8108,69.1986,14.35,34,1,2.35,UZ,1696279517
165,invercargill,-46.4,168.35,6.68,86,15,1.79,NZ,1696279495
166,majene,-3.5403,118.9707,24.54,90,64,2.27,ID,1696279528
167,bokakhat,26.6333,93.6,25.12,98,100,0.71,IN,1696279528
168,acarau,-2.8856,-40.12,26.62,80,86,7.58,BR,1696279528
169,al burayqah,30.4062,19.5739,24.25,61,0,5.3,LY,1696279529
170,kapuskasing,49.4169,-82.4331,28.05,51,40,8.75,CA,1696279529
171,shimoda,34.6667,138.95,18.39,73,66,4.51,JP,1696279529
172,otofuke,42.9917,143.2003,12.47,73,48,5.61,JP,1696279529
173,funafuti,-8.5243,179.1942,30.0,89,75,3.09,TV,1696279529
174,san martin,-33.081,-68.4681,26.3,22,98,11.5,AR,1696279530
175,brooks,50.5834,-111.8851,12.99,65,100,3.09,CA,1696279530
176,ganshui,28.7422,106.7111,21.03,98,100,0.99,CN,1696279530
177,port mathurin,-19.6833,63.4167,23.55,83,25,6.8,MU,1696279483
178,weno,7.4515,151.8468,25.97,94,100,0.0,FM,1696279530
179,kinzan,36.1031,127.4889,12.02,74,100,1.3,KR,1696279531
180,sorong,-0.8833,131.25,26.1,81,100,1.3,ID,1696279531
181,coari,-4.085,-63.1414,36.91,25,100,1.02,BR,1696279399
182,ndende,-2.4008,11.3581,24.11,89,25,1.89,GA,1696279531
183,namibe,-15.1961,12.1522,19.7,78,4,0.98,AO,1696279531
184,jonquiere,48.4165,-71.2488,22.06,54,46,4.63,CA,1696279531
185,yakeshi,49.2833,120.7333,8.46,57,100,1.51,CN,1696279532
186,juneau,58.3019,-134.4197,10.68,95,100,5.66,US,1696279318
187,galappo,-4.2667,35.85,19.79,48,99,3.73,TZ,1696279532
188,piney green,34.716,-77.3202,27.23,44,0,3.6,US,1696279532
189,port douglas,-16.4833,145.4667,23.26,83,58,3.74,AU,1696279532
190,whakatane,-37.9585,176.9854,13.62,65,31,4.92,NZ,1696279532
191,guelmim,28.987,-10.0574,28.32,22,0,3.59,MA,1696279533
192,alofi,-19.0595,-169.9187,22.94,68,100,8.75,NU,1696279533
193,champerico,14.3,-91.9167,35.3,67,59,3.95,GT,1696279533
194,mandalgovi,45.7625,106.2708,2.09,56,25,5.46,MN,1696279533
195,greymouth,-42.4667,171.2,8.38,64,0,4.17,NZ,1696279533
196,vimmerby,57.6659,15.8552,12.78,94,100,2.91,SE,1696279505
197,okanagan,50.3639,-119.35,14.59,40,88,0.41,CA,1696279534
198,flying fish cove,-10.4217,105.6791,23.82,78,75,6.17,CX,1696279534
199,fada,9.5667,8.3,21.18,96,100,2.28,NG,1696279534
200,cururupu,-1.8283,-44.8683,26.72,76,96,2.41,BR,1696279534
201,la passe,45.5549,-0.8967,23.13,92,7,4.33,FR,1696279534
202,longyearbyen,78.2186,15.6401,-3.09,68,75,8.23,SJ,1696279534
203,kita,13.0349,-9.4895,22.51,91,93,1.18,ML,1696279535
204,haiku-pauwela,20.9219,-156.3051,28.36,62,20,1.54,US,1696279535
205,franklin,39.9667,-83.0166,30.88,45,0,3.09,US,1696279535
206,ofunato,39.0717,141.7167,14.51,73,0,3.54,JP,1696279535
207,tura,25.5198,90.2201,23.35,97,100,2.64,IN,1696279338
208,conde,-7.2597,-34.9075,26.7,74,75,5.14,BR,1696279535
209,wajir,1.7471,40.0573,27.2,52,5,8.75,KE,1696279535
210,ar ruseris,11.8659,34.3869,26.36,74,12,2.64,SD,1696279535
211,port lincoln,-34.7333,135.8667,12.29,79,63,4.88,AU,1696279536
212,goundam,16.4145,-3.6708,37.08,20,81,2.34,ML,1696279536
213,san ignacio,17.1561,-89.0714,33.08,62,40,2.06,BZ,1696279536
214,crane,31.3974,-102.3501,31.09,40,65,9.27,US,1696279536
215,iquitos,-3.7481,-73.2472,34.02,62,75,3.6,PE,1696279397
216,enewetak,11.3474,162.3373,28.88,79,92,7.61,MH,1696279478
217,hami,42.8,93.45,16.75,34,52,0.79,CN,1696279536
218,laojunmiao,39.8333,97.7333,11.85,39,98,2.62,CN,1696279537
219,gaiman,-43.2897,-65.4929,13.33,42,12,8.36,AR,1696279392
220,monteria,8.748,-75.8814,25.95,94,40,1.54,CO,1696279537
221,geraldton,-28.7667,114.6,14.23,72,100,1.54,AU,1696279537
222,sitka,57.0531,-135.33,11.94,87,100,3.09,US,1696279238
223,korla,41.7597,86.1469,18.2,32,99,4.51,CN,1696279538
224,tual,-5.6667,132.75,26.4,87,29,5.78,ID,1696279538
225,quang ngai,15.1167,108.8,25.31,88,100,2.1,VN,1696279538
226,aioun,16.6614,-9.6149,36.36,13,30,4.31,MR,1696279538
227,keflavik,64.0049,-22.5624,6.95,75,75,8.75,IS,1696279538
228,bozoum,6.3193,16.3799,21.64,96,100,1.16,CF,1696279538
229,thunder bay,48.4001,-89.3168,28.95,45,75,3.6,CA,1696279260
230,ballina,-28.8667,153.5667,19.38,72,0,4.67,AU,1696279539
231,dudinka,69.4058,86.1778,-1.32,96,100,10.28,RU,1696279539
232,attapeu,14.8,106.8333,24.52,99,100,0.16,LA,1696279539
233,polyarnyy,69.1989,33.4478,2.38,73,100,3.25,RU,1696279476
234,gaspe,48.8334,-64.4819,17.12,55,75,4.12,CA,1696279371
235,puerto leguizamo,-0.1934,-74.7819,29.26,78,99,0.66,CO,1696279540
236,aral,40.5156,81.2636,19.34,25,46,2.65,CN,1696279356
237,pachino,36.7186,15.0907,22.64,65,0,1.22,IT,1696279540
238,solnechnyy,50.7214,136.6319,6.13,92,100,2.65,RU,1696279540
239,college,64.8569,-147.8028,2.47,89,100,2.57,US,1696279540
240,constantia,44.1833,28.65,14.38,49,0,4.8,RO,1696279384
241,iskateley,67.6803,53.1512,3.9,78,62,9.39,RU,1696279541
242,childress,34.4264,-100.204,29.4,42,75,5.66,US,1696279541
243,st. john's,47.5649,-52.7093,13.66,86,20,1.54,CA,1696279318
244,porto franco,-6.3383,-47.3992,35.64,24,98,1.43,BR,1696279541
245,torrevieja,37.9787,-0.6822,24.17,83,0,1.78,ES,1696279541
246,zolotonosha,49.6689,32.0377,11.22,62,30,3.57,UA,1696279541
247,fushun,41.8558,123.9233,15.84,69,100,2.91,CN,1696279542
248,nirmali,26.3167,86.5833,25.46,93,48,3.94,IN,1696279542
249,ed damer,17.5928,33.9592,35.24,17,0,3.82,SD,1696279542
250,riviere-du-loup,47.8304,-69.5342,20.15,45,53,3.6,CA,1696279242
251,vredendal,-31.6683,18.5012,17.95,60,0,2.53,ZA,1696279542
252,severo-yeniseyskiy,60.3725,93.0408,-3.01,87,100,3.58,RU,1696279542
253,kismayo,-0.3582,42.5454,25.73,87,10,6.91,SO,1696279542
254,crieff,56.3727,-3.8389,11.75,95,100,2.51,GB,1696279543
255,chernyshevskiy,63.0128,112.4714,-3.85,89,75,2.68,RU,1696279543
256,misratah,32.3754,15.0925,24.58,62,0,5.13,LY,1696279543
257,alta sierra,35.7291,-118.5495,16.17,52,72,3.14,US,1696279543
258,guroymak,38.5774,42.0281,12.12,85,62,1.25,TR,1696279543
259,wynyard,-41.0,145.7167,12.71,97,100,2.62,AU,1696279493
260,mar del plata,-38.0023,-57.5575,13.07,88,0,6.17,AR,1696279544
261,paragould,36.0584,-90.4973,32.94,39,61,1.34,US,1696279502
262,ciudad lazaro cardenas,17.9583,-102.2,30.23,75,97,3.59,MX,1696279277
263,ozery,54.86,38.5506,12.61,74,62,2.95,RU,1696279544
264,prince albert,53.2001,-105.7677,6.97,100,100,7.2,CA,1696279516
265,muisne,0.6,-80.0333,25.24,79,95,5.98,EC,1696279544
266,gaalkacyo,6.7697,47.4308,26.99,61,12,8.61,SO,1696279545
267,coquimbo,-29.9533,-71.3436,16.85,59,20,6.17,CL,1696279300
268,okahandja,-21.9833,16.9167,23.18,20,66,1.79,NA,1696279545
269,guantanamo,20.1444,-75.2092,32.76,69,77,2.54,CU,1696279545
270,ebolowa,2.9,11.15,21.22,100,99,1.19,CM,1696279545
271,yacuiba,-22.038,-63.6797,35.43,41,4,0.0,BO,1696279545
272,dolores,-36.3132,-57.6792,14.05,69,84,4.13,AR,1696279546
273,zeya,53.75,127.2667,6.05,85,20,1.34,RU,1696279546
274,tadine,-21.55,167.8833,22.11,69,96,8.76,NC,1696279546
275,zhalantun,48.0,122.7167,11.45,59,100,2.49,CN,1696279546
276,tucuma,-0.1833,-50.05,29.34,65,75,5.25,BR,1696279546
277,inari,68.906,27.0288,-0.89,86,100,1.94,FI,1696279546
278,bayevo,53.2833,80.7667,2.75,53,0,2.6,RU,1696279546
279,san luis de la loma,17.2706,-100.8939,30.47,73,74,3.09,MX,1696279547
280,xining,36.6167,101.7667,10.76,87,85,0.31,CN,1696279547
281,karak,31.1667,35.75,18.72,58,100,3.67,JO,1696279547
282,dryden,49.7833,-92.7503,28.16,47,0,3.6,CA,1696279547
283,tsiombe,-25.3,45.4833,18.67,62,99,5.48,MG,1696279547
284,ipora,-16.4419,-51.1178,31.84,36,93,2.88,BR,1696279523
285,tromso,69.6496,18.957,4.01,81,75,4.12,NO,1696279548
286,atafu village,-8.5421,-172.5159,28.35,73,8,3.24,TK,1696279480
287,lepsy,46.235,78.9456,16.36,47,100,0.57,KZ,1696279548
288,shahr sultan,29.5765,71.0212,26.41,22,0,1.96,PK,1696279548
289,gornyy,55.1153,83.9059,2.47,72,18,2.27,RU,1696279548
290,qusar,41.4273,48.4289,14.34,83,67,2.51,AZ,1696279548
291,tyuratam,45.6507,63.3156,14.12,44,5,1.7,KZ,1696279549
292,vanimo,-2.6741,141.3028,25.04,89,100,3.03,PG,1696279549
293,bardai,11.65,7.2333,21.95,89,95,2.96,NG,1696279549
294,siwa oasis,29.2041,25.5195,25.68,39,97,6.13,EG,1696279549
295,den burg,53.0542,4.7972,18.87,95,100,3.6,NL,1696279549
296,beroroha,-21.6667,45.1667,22.61,61,0,3.42,MG,1696279549
297,ar ruways,24.1103,52.7306,30.92,67,0,4.17,AE,1696279549
298,sirte,31.2089,16.5887,24.45,63,1,5.65,LY,1696279550
299,yulinshi,38.2906,109.7494,9.5,84,0,1.06,CN,1696279550
300,swakopmund,-22.6833,14.5333,14.47,88,3,0.45,NA,1696279550
301,vernon,50.2581,-119.2691,15.89,62,79,1.03,CA,1696279512
302,phai sali,15.5976,100.6585,25.34,91,98,0.97,TH,1696279550
303,kameshkovo,56.3481,41.0047,12.07,90,78,2.21,RU,1696279550
304,edd,13.9297,41.6925,31.97,61,0,5.07,ER,1696279550
305,noosa heads,-26.3833,153.15,18.52,66,17,3.4,AU,1696279551
306,tazacorte,28.629,-17.9293,24.54,83,20,4.63,ES,1696279551
307,palenque,17.5167,-91.9667,33.09,66,75,0.0,MX,1696279551
308,tamanrasset,22.785,5.5228,22.95,35,40,4.12,DZ,1696279551
309,inirida,3.8653,-67.9239,29.87,69,100,0.92,CO,1696279551
310,fort mcmurray,56.7268,-111.381,10.77,87,100,2.06,CA,1696279551
311,badagry,6.4167,2.8833,26.21,88,43,3.3,NG,1696279552
312,kondopoga,62.2057,34.2614,8.18,92,100,1.93,RU,1696279552
313,haimen,23.1935,116.6142,25.94,78,97,3.03,CN,1696279552
314,kununurra,-15.7667,128.7333,24.99,78,40,0.0,AU,1696279552
315,monzon,41.9108,0.1941,22.68,75,100,1.75,ES,1696279552
316,oak grove,45.4168,-122.6401,15.13,85,100,3.58,US,1696279552
317,ardestan,33.3761,52.3694,23.96,29,74,1.68,IR,1696279552
318,bethanie,-26.4833,17.15,23.85,21,0,1.22,NA,1696279553
319,tynda,55.1667,124.7167,3.23,89,99,1.04,RU,1696279512
320,birao,10.2849,22.7882,23.86,89,100,1.53,CF,1696279553
321,san rafael,-34.6177,-68.3301,21.15,22,72,8.98,AR,1696279553
322,olovyannaya,50.95,115.5667,1.95,57,7,6.01,RU,1696279553
323,arteche,12.2645,125.4048,26.02,89,100,2.06,PH,1696279554
324,ar rutbah,33.0381,40.2848,23.99,39,100,4.5,IQ,1696279554
325,caleta de carquin,-11.0925,-77.6267,20.88,80,41,5.42,PE,1696279554
326,filingue,14.3521,3.3168,33.65,38,60,5.96,NE,1696279554
327,malango,-2.9627,119.9001,18.3,96,77,0.99,ID,1696279554
328,codo,-4.4553,-43.8856,34.44,27,94,1.9,BR,1696279555
329,ontario,34.0633,-117.6509,24.85,48,20,4.12,US,1696279555
330,fort stockton,30.894,-102.8793,29.03,56,0,8.23,US,1696279555
331,guatrache,-37.6678,-63.5302,25.58,24,93,6.32,AR,1696279555
332,onguday,50.75,86.15,2.8,89,0,1.33,RU,1696279555
333,kandalaksha,67.162,32.4123,3.28,77,100,1.79,RU,1696279555
334,midvagur,62.0511,-7.1939,10.46,87,100,8.23,FO,1696279555
335,kerikeri,-35.2268,173.9474,14.39,87,14,0.89,NZ,1696279556
336,levuka,50.1834,-105.4011,15.9,67,75,6.69,CA,1696279556
337,bocas del toro,9.3333,-82.25,30.06,68,53,1.79,PA,1696279556
338,taco pozo,-25.6167,-63.2833,34.96,21,0,5.14,AR,1696279556
339,singaraja,-8.112,115.0882,24.31,80,59,1.92,ID,1696279556
340,remire-montjoly,4.9167,-52.2667,30.02,70,0,5.14,GF,1696279556
341,lobito,-12.3481,13.5456,22.36,83,5,0.92,AO,1696279557
342,mersa matruh,31.3525,27.2453,24.11,53,40,5.14,EG,1696279557
343,alta,69.9689,23.2717,1.59,86,75,2.06,NO,1696279557
344,kahama,-3.8333,32.6,26.14,16,27,5.01,TZ,1696279557
345,bixby,35.942,-95.8833,32.27,38,20,4.12,US,1696279261
346,sao jose da coroa grande,-8.8978,-35.1478,24.26,77,6,3.94,BR,1696279557
347,quellon,-43.1167,-73.6167,8.39,74,100,1.44,CL,1696279558
348,ngerengere,-6.75,38.1167,21.71,80,18,0.9,TZ,1696279558
349,mpika,-11.8343,31.4529,21.25,43,10,4.24,ZM,1696279558
350,puerto colombia,10.9878,-74.9547,32.05,78,100,5.53,CO,1696279558
351,kitimat,54.0524,-128.6534,14.39,65,93,2.68,CA,1696279487
352,aripuana,-9.1667,-60.6333,38.21,23,90,1.09,BR,1696279558
353,oriximina,-1.7656,-55.8661,35.36,31,94,1.95,BR,1696279506
354,menongue,-14.6585,17.691,22.25,50,91,1.92,AO,1696279559
355,saint-pierre,-21.3393,55.4781,21.82,78,0,2.57,RE,1696279559
356,garoua,9.3,13.4,24.42,91,99,1.01,CM,1696279559
357,borogontsy,62.6683,131.1683,7.38,87,100,2.24,RU,1696279559
358,castillos,-34.1667,-53.8333,14.05,81,23,2.29,UY,1696279559
359,port-gentil,-0.7193,8.7815,26.98,78,75,6.17,GA,1696279559
360,mermoz boabab,14.7065,-17.4758,28.88,84,0,3.09,SN,1696279560
361,niimi,34.9833,133.4667,11.33,81,99,1.62,JP,1696279560
362,kattivakkam,13.2167,80.3167,29.05,85,100,6.11,IN,1696279560
363,metlili chaamba,32.2667,3.6333,24.52,38,0,2.57,DZ,1696279560
364,hasaki,35.7333,140.8333,16.22,53,99,4.34,JP,1696279483
365,kuusamo,65.9667,29.1833,6.02,87,100,4.63,FI,1696279560
366,sampit,-2.5333,112.95,22.02,95,80,0.26,ID,1696279561
367,quepos,9.4236,-84.1652,28.68,75,67,2.77,CR,1696279561
368,nagqu,31.5,92.0,2.92,88,100,1.82,CN,1696279561
369,saint-philippe,-21.3585,55.7679,21.77,83,45,2.27,RE,1696279561
370,ha'il,27.5219,41.6907,30.01,23,20,4.12,SA,1696279561
371,boa vista,2.8197,-60.6733,36.99,32,20,2.57,BR,1696279561
372,ujae,8.9322,165.7642,28.48,78,43,2.88,MH,1696279562
373,vadso,70.0744,29.7487,2.49,87,75,1.54,NO,1696279562
374,i-n-salah,27.1935,2.4607,30.22,27,0,9.31,DZ,1696279562
375,karaton,-6.3424,106.1045,21.8,86,62,0.83,ID,1696279562
376,port saint john's,-31.6229,29.5448,17.77,77,0,6.2,ZA,1696279522
377,bracebridge,45.0334,-79.3163,24.93,60,100,2.57,CA,1696279268
378,ondjiva,-17.0667,15.7333,32.02,13,59,4.63,AO,1696279563
379,santa ana,33.7456,-117.8678,26.07,56,20,5.14,US,1696279277
380,vigan,17.5747,120.3869,26.12,85,100,2.47,PH,1696279563
381,howrah,22.5892,88.3103,26.0,94,75,3.09,IN,1696279563
382,turpan,42.9333,89.1667,21.8,29,34,1.15,CN,1696279563
383,mount pearl,47.5166,-52.7813,13.19,86,20,1.54,CA,1696279382
384,betio village,1.358,172.9211,28.86,74,11,3.11,KI,1696279564
385,kill devil hills,36.0307,-75.676,23.01,75,0,5.14,US,1696279564
386,mukalla,14.5425,49.1242,27.68,74,3,2.44,YE,1696279564
387,bakanas,44.8081,76.2772,15.95,53,100,3.58,KZ,1696279564
388,tomatlan,19.9333,-105.25,32.46,66,96,4.41,MX,1696279564
389,karratha,-20.7377,116.8463,23.7,34,70,3.3,AU,1696279564
390,general pico,-35.6566,-63.7568,26.34,23,76,7.24,AR,1696279565
391,nar'yan-mar,67.6713,53.087,3.95,78,58,9.39,RU,1696279565
392,san patricio,28.017,-97.5169,29.36,64,69,6.46,US,1696279565
393,kurakhovo,47.9852,37.2821,13.68,59,3,4.7,UA,1696279565
394,pingzhuang,42.0372,119.2889,14.6,47,100,2.68,CN,1696279565
395,bhimunipatnam,17.8833,83.4333,26.77,85,98,5.64,IN,1696279566
396,petropavlovsk-kamchatsky,53.0452,158.6483,8.03,88,100,6.71,RU,1696279566
397,jinchang,38.4953,102.1739,14.69,54,99,1.2,CN,1696279566
398,crucecita,-28.95,-58.9833,23.17,41,0,4.22,AR,1696279566
399,culebra,18.303,-65.301,32.3,86,69,2.68,PR,1696279566
400,rawlins,41.7911,-107.2387,8.94,81,100,7.72,US,1696279567
401,palikir - national government center,6.9248,158.1611,24.41,88,40,1.54,FM,1696279567
402,hassi messaoud,31.6804,6.0729,25.92,38,0,2.06,DZ,1696279567
403,harper,4.375,-7.7169,25.2,86,86,5.26,LR,1696279567
404,arar,30.9753,41.0381,26.01,27,0,2.57,SA,1696279567
405,sabha,27.0377,14.4283,27.34,28,50,7.7,LY,1696279568
406,imbituba,-28.24,-48.6703,16.16,65,35,4.43,BR,1696279568
407,kindu,-2.95,25.95,23.62,77,23,0.73,CD,1696279568
408,mili,6.0815,171.735,28.32,76,47,2.58,MH,1696279568
409,prince rupert,54.3161,-130.3201,13.05,88,75,2.57,CA,1696279408
410,gadzhiyevo,69.2551,33.3362,2.12,73,100,3.21,RU,1696279569
411,wewak,-3.5534,143.6268,25.32,89,97,2.76,PG,1696279569
412,bulgan,48.8125,103.5347,2.69,89,60,0.92,MN,1696279569
413,mata-utu,-13.2816,-176.1745,27.04,82,64,12.01,WF,1696279569
414,platteville,42.7342,-90.4785,30.14,32,0,4.12,US,1696279424
415,nong bua lamphu,17.2041,102.4407,23.62,94,97,0.71,TH,1696279569
416,mcminnville,45.2101,-123.1987,15.3,84,100,0.89,US,1696279569
417,yaring,6.8662,101.3689,25.66,87,100,1.68,TH,1696279570
418,tanggu,39.0211,117.6469,16.98,50,29,3.18,CN,1696279570
419,emerald,-23.5333,148.1667,18.32,85,7,5.59,AU,1696279302
420,new norfolk,-42.7826,147.0587,13.73,84,100,1.9,AU,1696279524
421,piti village,13.4626,144.6933,27.03,90,0,2.06,GU,1696279570
422,kavieng,-2.5744,150.7967,27.66,79,100,2.15,PG,1696279571
423,bran,45.5167,25.35,6.88,73,14,1.2,RO,1696279571
424,ponta delgada,37.7333,-25.6667,20.4,73,20,5.66,PT,1696279571
425,kathu,7.9178,98.3332,25.9,87,100,3.52,TH,1696279571
426,gweru,-19.45,29.8167,12.85,81,18,5.0,ZW,1696279575
427,hofu,34.05,131.5667,17.73,57,100,2.01,JP,1696279575
428,manokwari,-0.8667,134.0833,25.52,82,100,1.31,ID,1696279576
429,tazovsky,67.4667,78.7,7.78,96,100,7.12,RU,1696279576
430,pirallahi,40.4723,50.333,20.08,68,31,2.03,AZ,1696279576
431,arawa,-6.2132,155.5367,26.77,83,55,1.21,PG,1696279576
432,smirnykh,49.75,142.8333,10.5,94,100,3.13,RU,1696279576
433,santiago de cao,-7.9589,-79.2392,21.07,78,40,5.66,PE,1696279576
434,dwarka,22.2394,68.9678,26.62,76,0,4.04,IN,1696279577
435,nasir,15.5894,32.5634,36.48,22,16,2.94,SD,1696279577
436,barcelos,41.5388,-8.6151,21.58,90,75,0.7,PT,1696279483
437,arraial do cabo,-22.9661,-42.0278,21.98,88,75,2.06,BR,1696279577
438,inhambane,-23.865,35.3833,20.52,57,58,4.19,MZ,1696279577
439,sur,22.5667,59.5289,29.77,54,31,3.53,OM,1696279578
440,wladyslawowo,54.7909,18.4009,18.6,84,100,4.26,PL,1696279464
441,hirara,24.8,125.2833,28.15,94,100,8.23,JP,1696279578
442,nizhnesortymskiy,62.4397,71.7603,9.72,87,91,7.67,RU,1696279578
443,tchintabaraden,15.8969,5.7985,31.24,34,84,7.34,NE,1696279578
444,severnoye,56.3491,78.3619,5.55,86,8,2.68,RU,1696279579
445,manaure,11.7751,-72.4445,30.28,73,85,7.33,CO,1696279579
446,polatli,39.5772,32.1413,14.52,64,73,4.27,TR,1696279579
447,tvoroyri,61.5556,-6.8111,9.98,91,62,11.29,FO,1696279579
448,guarapari,-20.6667,-40.4975,24.38,93,89,0.9,BR,1696279579
449,nyurba,63.2842,118.3319,-1.09,75,93,2.24,RU,1696279515
450,san andres,12.5847,-81.7006,32.01,66,20,3.6,CO,1696279580
451,voinjama,8.4219,-9.7478,21.12,98,73,0.02,LR,1696279580
452,antofagasta,-23.65,-70.4,16.6,77,46,4.85,CL,1696279580
453,lampang,18.3333,99.5,25.71,86,39,0.45,TH,1696279580
454,salamanca,40.8333,-6.0,22.57,40,13,2.26,ES,1696279580
455,bonthe,7.5264,-12.505,26.34,86,49,2.74,SL,1696279581
456,zhigalovo,54.8097,105.1578,1.71,56,100,1.34,RU,1696279581
457,kosice,48.6667,21.3333,16.19,82,0,0.51,SK,1696279581
458,callao,-12.0667,-77.15,21.16,73,40,6.17,PE,1696279545
459,batie,9.8833,-2.9167,25.44,82,99,0.8,BF,1696279582
460,gus'-khrustal'nyy,55.6111,40.6519,11.53,93,20,1.99,RU,1696279582
461,namtsy,62.7161,129.6658,7.25,84,100,1.0,RU,1696279582
462,bayan,46.0833,127.4,8.61,74,79,2.68,CN,1696279582
463,axim,4.8699,-2.2405,25.25,90,66,4.08,GH,1696279582
464,perevolotskiy,51.8763,54.1938,14.73,51,100,2.23,RU,1696279582
465,buchanan,5.8808,-10.0467,25.16,90,48,3.72,LR,1696279583
466,hermanus,-34.4187,19.2345,15.45,80,0,1.16,ZA,1696279583
467,polovinnoye,54.7914,65.9864,9.78,65,100,3.78,RU,1696279583
468,nikolayevsk-on-amure,53.1406,140.73,8.15,98,100,2.0,RU,1696279583
469,west end,26.6833,-78.9667,29.99,70,27,10.28,BS,1696279583
470,imperatriz,-5.5264,-47.4917,38.03,34,40,2.57,BR,1696279556
471,sao felix do xingu,-6.6447,-51.995,35.61,22,75,1.35,BR,1696279551
472,labytnangi,66.6572,66.4183,5.4,81,98,8.42,RU,1696279531
473,happy valley-goose bay,53.3168,-60.3315,12.17,43,75,7.2,CA,1696279509
474,minas de marcona,-15.2119,-75.1103,18.02,66,35,7.43,PE,1696279584
475,port alfred,-33.5906,26.891,16.21,91,0,5.0,ZA,1696279584
476,hadibu,12.65,54.0333,26.84,83,6,1.48,YE,1696279587
477,frome,51.2283,-2.3221,17.77,95,100,0.45,GB,1696279588
478,pimenta bueno,-11.6725,-61.1936,38.63,23,100,2.4,BR,1696279592
479,salekhard,66.53,66.6019,5.34,81,99,10.24,RU,1696279593
480,murzuq,25.9155,13.9184,28.16,34,81,6.06,LY,1696279537
481,cabo san lucas,22.8909,-109.9124,35.34,58,0,8.23,MX,1696278931
482,naze,28.3667,129.4833,25.51,83,95,9.11,JP,1696279594
483,bouillante,16.1304,-61.7692,27.57,76,100,4.6,GP,1696279594
484,juba,4.8517,31.5825,22.65,78,100,0.65,SS,1696279599
485,ajka,47.102,17.5589,16.47,68,13,2.46,HU,1696279602
486,nuku'alofa,-21.1333,-175.2,21.19,68,75,7.2,TO,1696279602
487,kalmunai,7.4167,81.8167,25.25,86,98,5.96,LK,1696279602
488,fisterra,42.9049,-9.2629,20.57,93,100,4.38,ES,1696279602
489,dikwa,12.024,13.9165,28.29,43,67,3.28,NG,1696279603
490,galesong,-5.3166,119.3661,23.01,78,38,2.95,ID,1696279603
491,conduaga,8.862,117.4893,26.48,86,85,2.81,PH,1696279603
492,lercara friddi,37.7469,13.6049,18.87,83,0,1.23,IT,1696279528
493,poronaysk,49.2167,143.1167,10.72,90,100,8.94,RU,1696279491
494,morwa,22.9,73.8333,22.53,70,13,2.75,IN,1696279613
495,tsetserleg,47.475,101.4542,1.48,91,47,1.75,MN,1696279613
496,pacific grove,36.6177,-121.9166,22.44,76,0,2.68,US,1696279522
497,laveno,45.9128,8.6186,21.22,84,21,1.94,IT,1696279614
498,malanje,-9.5402,16.341,21.51,76,79,2.39,AO,1696279614
499,new plymouth,-39.0667,174.0833,6.84,83,100,6.74,NZ,1696279614
500,orda,57.1951,56.9091,11.81,86,100,2.77,RU,1696279615
501,nanao,37.05,136.9667,15.15,67,15,2.27,JP,1696279615
502,alaghsas,17.0187,8.0168,29.83,34,55,6.56,NE,1696279615
503,mitu,1.1983,-70.1733,30.46,61,94,1.6,CO,1696279615
504,shiqiao,22.9374,113.3606,28.33,86,100,1.89,CN,1696279615
505,kidal,18.4411,1.4078,34.5,20,30,4.28,ML,1696279615
506,hun,29.1268,15.9477,22.98,51,31,5.76,LY,1696279616
507,mil'kovo,55.6078,37.7956,11.27,72,87,3.05,RU,1696279616
508,stanovoye,52.7638,38.3582,13.21,49,96,4.39,RU,1696279616
509,astrakhan,46.3497,48.0408,18.83,90,0,3.13,RU,1696279616
510,muravlenko,63.7898,74.523,9.42,89,95,8.72,RU,1696279616
511,hunedoara,45.75,22.9,11.67,60,49,1.29,RO,1696279617
512,quatre cocos,-20.2078,57.7625,22.83,81,2,1.44,MU,1696279617
513,izazi,-7.2,35.7333,24.0,40,8,1.44,TZ,1696279617
514,juan jose rios,25.75,-108.8333,32.97,39,97,6.36,MX,1696279617
515,aitape,-3.1374,142.3475,25.14,88,100,2.4,PG,1696279617
516,al jahra',29.3375,47.6581,34.79,21,9,2.71,KW,1696279617
517,kalaleh,37.3807,55.4916,22.14,27,82,1.09,IR,1696279618
518,luwuk,-0.9516,122.7875,23.35,82,82,1.48,ID,1696279618
519,buritizeiro,-17.3511,-44.9622,24.65,73,100,0.99,BR,1696279559
520,weifang,36.71,119.1019,19.13,52,100,1.86,CN,1696279618
521,yuvacik,40.6881,29.9674,12.34,100,75,0.0,TR,1696279618
522,jati,24.3539,68.2671,26.32,75,75,3.97,PK,1696279619
523,sake,-1.5736,29.045,20.34,88,28,0.08,CD,1696279619
524,sao jose da tapera,-9.5583,-37.3811,27.25,53,0,7.83,BR,1696279619
525,lospalos,-8.5186,127.0025,20.84,95,36,0.59,TL,1696279619
526,gwadar,25.1216,62.3254,28.14,63,0,3.77,PK,1696279620
527,afif,23.9065,42.9172,26.61,16,0,3.97,SA,1696279620
528,tbeng meanchey,13.8167,104.9667,24.07,99,100,0.52,KH,1696279620
529,zharkent,44.1628,80.0,15.82,37,100,1.92,KZ,1696279620
530,georgetown,5.4112,100.3354,26.96,92,20,1.54,MY,1696279620
531,gobabis,-22.45,18.9667,23.73,21,74,5.79,NA,1696279620
532,novyy urgal,51.0736,132.5642,5.55,91,76,0.41,RU,1696279621
533,sao joao da barra,-21.6403,-41.0511,24.05,93,89,3.4,BR,1696279562
534,guilin,25.2819,110.2864,24.06,94,71,1.36,CN,1696279621
535,stung treng,13.5259,105.9683,24.15,99,100,0.98,KH,1696279621
536,ierapetra,35.01,25.7353,23.97,57,8,7.6,GR,1696279621
537,ermelo,-26.5333,29.9833,11.82,68,0,1.81,ZA,1696279622
538,las heras,-46.5419,-68.9359,12.51,31,9,4.7,AR,1696279622
539,dadukou,26.5479,101.7054,22.25,83,61,0.98,CN,1696279622
540,bom jesus,-9.0744,-44.3586,34.59,18,48,1.51,BR,1696279622
541,boguchany,58.3814,97.4531,-0.64,98,93,1.79,RU,1696279622
542,shangmei,27.7428,111.2956,19.83,91,100,1.72,CN,1696279623
543,guaruja,-23.9931,-46.2564,21.05,26,100,1.03,BR,1696279513
544,carutapera,-1.195,-46.02,27.08,79,19,4.85,BR,1696279623
545,bikenibeu village,1.3673,173.1241,28.78,75,10,3.7,KI,1696279623
546,west bay,19.3667,-81.4167,33.04,73,40,4.12,KY,1696279623
547,chania,35.5122,24.0156,21.78,73,20,4.63,GR,1696279405
548,malabar,-33.9667,151.25,21.53,79,0,4.63,AU,1696279624
549,ust'-ilimsk,58.0006,102.6619,-0.99,94,89,3.13,RU,1696279624
550,smithers,54.7804,-127.1743,10.18,87,75,2.57,CA,1696279624
551,kuala belait,4.5833,114.1833,25.09,91,89,1.84,BN,1696279624
552,xiaolingwei,32.0333,118.85,17.99,88,100,4.01,CN,1696279624
553,zouerate,22.7187,-12.4521,33.22,11,43,2.26,MR,1696279625
554,maumere,-8.6199,122.2111,24.68,82,23,1.06,ID,1696279625
555,ilha de mocambique,-15.0342,40.7358,25.52,80,0,6.81,MZ,1696279523
556,flin flon,54.7682,-101.865,7.91,81,100,2.57,CA,1696279625
557,nuuk,64.1835,-51.7216,4.34,65,75,0.0,GL,1696279481
558,cajamarca,-7.1638,-78.5003,20.04,56,75,3.09,PE,1696279625
559,tondon,10.3667,-13.35,24.89,95,100,0.8,GN,1696279626
